PC,Proportion.Variance.Explained
1,0.0036651532773611852
2,0.0030596521662814937
3,0.002179936000227526
4,0.0009651298050388512
5,0.0008810629822348028
6,0.0007929827596811907
7,0.0007521680952763787
8,0.0007057574422757453
9,0.0006916716659649629
10,0.0006564003517497934
