{"tissue_hires_scalef": 0.13015749, "tissue_lowres_scalef": 0.03904725, "fiducial_diameter_fullres": 207.60985000000005, "spot_diameter_fullres": 128.52038999999996}